{
    "type": "FeatureCollection",
    "features": [
      {
        "type": "Feature",
        "properties": {},
        "geometry": {
          "coordinates": [
            [
              [
                -0.4269272084563056,
                51.62061679999056
              ],
              [
                -0.4269272084563056,
                51.68267015629772
              ],
              [
                -0.5335656285456878,
                51.68267015629772
              ],
              [
                -0.5335656285456878,
                51.62061679999056
              ],
              [
                -0.4269272084563056,
                51.62061679999056
              ]
            ]
          ],
          "type": "Polygon"
        }
      }
    ]
  }